point_id,latitude,longitude,layer_type,province,district
L1_Hanoi_0,20.8934,105.7191,CityCluster,TP.Hà Nội,Xã Quảng Bị
L1_Hanoi_1,20.8934,105.8092,CityCluster,TP.Hà Nội,Xã Tam Hưng
L1_Hanoi_2,20.8934,105.8992,CityCluster,Hưng Yên,Xã Mễ Sở
L1_Hanoi_3,20.8934,105.9893,CityCluster,Hưng Yên,Xã Việt Yên
L1_Hanoi_4,20.9835,105.7191,CityCluster,TP.Hà Nội,Xã An Khánh
L1_Hanoi_5,20.9835,105.8092,CityCluster,TP.Hà Nội,Phường Khương Đình
L1_Hanoi_6,20.9835,105.8992,CityCluster,TP.Hà Nội,Phường Lĩnh Nam
L1_Hung Yen_7,20.9835,105.9893,CityCluster,Hưng Yên,Xã Như Quỳnh
L1_Hanoi_8,21.0735,105.7191,CityCluster,TP.Hà Nội,Xã Ô Diên
L1_Hanoi_9,21.0735,105.8092,CityCluster,TP.Hà Nội,Phường Phú Thượng
L1_Hanoi_10,21.0735,105.8992,CityCluster,TP.Hà Nội,Phường Việt Hưng
L1_Hanoi_11,21.0735,105.9893,CityCluster,Bắc Ninh,Xã Đại Đồng
L1_Hanoi_12,21.1636,105.7191,CityCluster,TP.Hà Nội,Xã Mê Linh
L1_Hanoi_13,21.1636,105.8092,CityCluster,TP.Hà Nội,Xã Phúc Thịnh
L1_Hanoi_14,21.1636,105.8992,CityCluster,TP.Hà Nội,Xã Thư Lâm
L1_Tay Ninh_15,10.688,106.4946,CityCluster,Tây Ninh,Xã Bến Lức
L1_Ho Chi Minh_16,10.688,106.5847,CityCluster,TP.Hồ Chí Minh,Xã Tân Nhựt
L1_Ho Chi Minh_17,10.688,106.6747,CityCluster,TP.Hồ Chí Minh,Xã Bình Hưng
L1_Dong Nai_18,10.688,106.7648,CityCluster,Đồng Nai,Xã Đại Phước
L1_Ho Chi Minh_19,10.7781,106.4946,CityCluster,TP.Hồ Chí Minh,Xã Bình Lợi
L1_Ho Chi Minh_20,10.7781,106.5847,CityCluster,TP.Hồ Chí Minh,Xã Tân Vĩnh Lộc
L1_Ho Chi Minh_21,10.7781,106.6747,CityCluster,TP.Hồ Chí Minh,Phường Hòa Hưng
L1_Ho Chi Minh_22,10.7781,106.7648,CityCluster,TP.Hồ Chí Minh,Phường Cát Lái
L1_Tay Ninh_23,10.8681,106.4946,CityCluster,Tây Ninh,Xã Mỹ Hạnh
L1_Ho Chi Minh_24,10.8681,106.5847,CityCluster,TP.Hồ Chí Minh,Xã Xuân Thới Sơn
L1_Ho Chi Minh_25,10.8681,106.6747,CityCluster,TP.Hồ Chí Minh,Phường Thới An
L1_Ho Chi Minh_26,10.8681,106.7648,CityCluster,TP.Hồ Chí Minh,Phường Long Thạnh Mỹ
L1_Ho Chi Minh_27,10.9582,106.4946,CityCluster,TP.Hồ Chí Minh,Xã Tân An Hội
L1_Ho Chi Minh_28,10.9582,106.5847,CityCluster,TP.Hồ Chí Minh,Xã Phú Hòa Đông
L1_Ho Chi Minh_29,10.9582,106.6747,CityCluster,TP.Hồ Chí Minh,Phường Thuận An
L1_Hai Phong_30,20.7098,106.553,CityCluster,TP.Hải Phòng,Xã Tân Minh
L1_Hai Phong_31,20.7098,106.6431,CityCluster,TP.Hải Phòng,Xã Kiến Hưng
L1_Hai Phong_32,20.7098,106.7331,CityCluster,TP.Hải Phòng,Xã Kiến Hải
L1_Hai Phong_33,20.7098,106.8232,CityCluster,TP.Hải Phòng,Phường Lưu Kiếm
L1_Hai Phong_34,20.7999,106.553,CityCluster,TP.Hải Phòng,Xã An Quang
L1_Hai Phong_35,20.7999,106.6431,CityCluster,TP.Hải Phòng,Phường Phù Liễn
L1_Hai Phong_36,20.7999,106.7331,CityCluster,TP.Hải Phòng,Phường Hải An
L1_Hai Phong_37,20.7999,106.8232,CityCluster,TP.Hải Phòng,Phường Đông Hải
L1_Hai Phong_38,20.8899,106.553,CityCluster,TP.Hải Phòng,Phường An Phong
L1_Hai Phong_39,20.8899,106.6431,CityCluster,TP.Hải Phòng,Phường Thiên Hương
L1_Da Nang_40,15.9643,108.1121,CityCluster,TP.Đà Nẵng,Xã Hòa Tiến
L1_Da Nang_41,15.9643,108.2022,CityCluster,TP.Đà Nẵng,Phường Hòa Xuân
L1_Da Nang_43,16.0544,108.1121,CityCluster,TP.Đà Nẵng,Phường Hòa Khánh
L1_Da Nang_44,16.0544,108.2022,CityCluster,TP.Đà Nẵng,Phường Hòa Cường
L1_Da Nang_45,16.0544,108.2923,CityCluster,TP.Đà Nẵng,Phường Hòa Hải
L1_Da Nang_46,16.1445,108.1121,CityCluster,TP.Đà Nẵng,Phường Hải Vân
L1_Can Tho_47,9.9551,105.6568,CityCluster,TP.Cần Thơ,Xã Tân Hòa
L1_Can Tho_48,9.9551,105.7469,CityCluster,TP.Cần Thơ,Xã Đông Phước
L1_Can Tho_49,9.9551,105.837,CityCluster,TP.Cần Thơ,Xã Châu Thành
L1_Can Tho_50,10.0452,105.6568,CityCluster,TP.Cần Thơ,Xã Phong Điền
L1_Can Tho_51,10.0452,105.7469,CityCluster,TP.Cần Thơ,Phường Long Tuyền
L1_Can Tho_52,10.0452,105.837,CityCluster,Vĩnh Long,Phường Đông Thành
L1_Can Tho_53,10.1353,105.6568,CityCluster,TP.Cần Thơ,Phường Ô Môn
L1_Ha Noi_54,20.9867,105.9429,CityCluster,TP.Hà Nội,Xã Gia Lâm
L1_Hung Yen_55,20.9867,106.033,CityCluster,Hưng Yên,Xã Lạc Đạo
L1_Hung Yen_56,20.9867,106.123,CityCluster,Hưng Yên,Xã Nghĩa Trụ
L1_Hai Phong_57,20.9867,106.2131,CityCluster,TP.Hải Phòng,Phường Thạch Khôi
L1_Ha Noi_58,21.0768,105.9429,CityCluster,TP.Hà Nội,Xã Phù Đổng
L1_Ha Noi_59,21.0768,106.033,CityCluster,TP.Hà Nội,Phường Giang Biên
L1_Bac Ninh_60,21.0768,106.123,CityCluster,Bắc Ninh,Phường Phù Chẩn
L1_Bac Ninh_61,21.0768,106.2131,CityCluster,Bắc Ninh,Phường Thuận Thành
L1_Ha Noi_62,21.1668,105.9429,CityCluster,TP.Hà Nội,Xã Phù Lỗ
L1_Ha Noi_63,21.1668,106.033,CityCluster,TP.Hà Nội,Xã Thư Lâm
L1_Bac Ninh_64,21.1668,106.123,CityCluster,Bắc Ninh,Xã Tam Giang
L1_Bac Ninh_65,21.1668,106.2131,CityCluster,Bắc Ninh,Xã Cao Đức
L1_Bac Ninh_66,21.1383,106.1872,CityCluster,Bắc Ninh,Phường Quế Võ
L1_Bac Ninh_67,21.1383,106.2773,CityCluster,Bắc Ninh,Phường Mão Điền
L1_Hai Phong_68,21.1383,106.3673,CityCluster,TP.Hải Phòng,Xã Cẩm Giàng
L1_Hai Phong_69,21.1383,106.4574,CityCluster,TP.Hải Phòng,Phường Trần Nhân Tông
L1_Bac Ninh_70,21.2284,106.1872,CityCluster,Bắc Ninh,Phường Tiền Phong
L1_Bac Ninh_71,21.2284,106.2773,CityCluster,Bắc Ninh,Phường Tân An
L1_Bac Ninh_72,21.2284,106.3673,CityCluster,Bắc Ninh,Xã Cẩm Lý
L1_Hai Phong_73,21.2284,106.4574,CityCluster,TP.Hải Phòng,Phường Nguyễn Trãi
L1_Bac Ninh_74,21.3184,106.1872,CityCluster,Bắc Ninh,Xã Mỹ Thái
L1_Bac Ninh_75,21.3184,106.2773,CityCluster,Bắc Ninh,Xã Lạng Giang
L1_Hai Phong_76,20.8505,106.2308,CityCluster,TP.Hải Phòng,Xã Nguyễn Lương Bằng
L1_Hai Phong_77,20.8505,106.3209,CityCluster,TP.Hải Phòng,Xã Gia Phúc
L1_Hai Phong_78,20.8505,106.411,CityCluster,TP.Hải Phòng,Xã Hà Tây
L1_Hai Phong_79,20.9406,106.2308,CityCluster,TP.Hải Phòng,Xã Mao Điền
L1_Hai Phong_80,20.9406,106.3209,CityCluster,TP.Hải Phòng,Phường Lê Thanh Nghị
L1_Hai Phong_81,20.9406,106.411,CityCluster,TP.Hải Phòng,Xã Hà Bắc
L1_Bac Ninh_82,21.0307,106.2308,CityCluster,Bắc Ninh,Xã Lương Tài
L1_Hai Phong_83,21.0307,106.3209,CityCluster,TP.Hải Phòng,Xã Trần Phú
L1_Ninh Binh_84,20.5563,105.9637,CityCluster,Ninh Bình,Phường Hà Nam
L1_Ninh Binh_85,20.5563,106.0538,CityCluster,Ninh Bình,Xã Vĩnh Trụ
L1_Ninh Binh_86,20.5563,106.1439,CityCluster,Ninh Bình,Xã Nhân Hà
L1_Ninh Binh_87,20.6464,105.9637,CityCluster,Ninh Bình,Phường Đồng Văn
L1_Hung Yen_88,20.6464,106.0538,CityCluster,Hưng Yên,Phường Phố Hiến
L1_Hung Yen_89,20.6464,106.1439,CityCluster,Hưng Yên,Xã Long Hưng
L1_Ha Noi_90,20.7365,105.9637,CityCluster,TP.Hà Nội,Xã Đại Xuyên
L1_Hung Yen_91,20.7365,106.0538,CityCluster,Hưng Yên,Xã Lương Bằng
L1_Phu Tho_92,21.2708,105.5072,CityCluster,Phú Thọ,Xã Vĩnh Hưng
L1_Phu Tho_93,21.2708,105.5973,CityCluster,Phú Thọ,Xã Yên Lạc
L1_Phu Tho_94,21.2708,105.6874,CityCluster,Phú Thọ,Xã Bình Nguyên
L1_Phu Tho_95,21.3609,105.5072,CityCluster,Phú Thọ,Xã Tiên Lữ
L1_Phu Tho_96,21.3609,105.5973,CityCluster,Phú Thọ,Xã Tam Dương
L1_Phu Tho_97,21.3609,105.6874,CityCluster,Phú Thọ,Xã Bình Tuyền
L1_Phu Tho_98,21.451,105.5072,CityCluster,Phú Thọ,Xã Thái Hòa
L1_Phu Tho_99,21.451,105.5973,CityCluster,Phú Thọ,Xã Đại Đình
L1_Thai Nguyen_100,21.504,105.758,CityCluster,Thái Nguyên,Xã Tân Cương
L1_Thai Nguyen_101,21.504,105.8481,CityCluster,Thái Nguyên,Vùng lân cận
L1_Thai Nguyen_102,21.504,105.9382,CityCluster,Thái Nguyên,Xã Phú Bình
L1_Thai Nguyen_103,21.5941,105.758,CityCluster,Thái Nguyên,Xã An Khánh
L1_Thai Nguyen_104,21.5941,105.8481,CityCluster,Thái Nguyên,Vùng lân cận
L1_Thai Nguyen_105,21.5941,105.9382,CityCluster,Thái Nguyên,Xã Trại Cau
L1_Thai Nguyen_106,21.6842,105.758,CityCluster,Thái Nguyên,Xã Vô Tranh
L1_Thai Nguyen_107,21.6842,105.8481,CityCluster,Thái Nguyên,Xã Đồng Hỷ
L1_Ho Chi Minh_108,10.9339,106.5189,CityCluster,TP.Hồ Chí Minh,Xã Củ Chi
L1_Ho Chi Minh_109,10.9339,106.609,CityCluster,TP.Hồ Chí Minh,Xã Phú Hòa Đông
L1_Ho Chi Minh_110,10.9339,106.699,CityCluster,TP.Hồ Chí Minh,Phường Lái Thiêu
L1_Dong Nai_111,10.9339,106.7891,CityCluster,Đồng Nai,Phường Biên Hòa
L1_Ho Chi Minh_112,11.024,106.5189,CityCluster,TP.Hồ Chí Minh,Xã Nhuận Đức
L1_Ho Chi Minh_113,11.024,106.609,CityCluster,TP.Hồ Chí Minh,Phường Phú An
L1_Ho Chi Minh_114,11.024,106.699,CityCluster,TP.Hồ Chí Minh,Phường Bình Dương
L1_Ho Chi Minh_115,11.024,106.7891,CityCluster,TP.Hồ Chí Minh,Phường Tân Uyên
L1_Ho Chi Minh_116,11.114,106.5189,CityCluster,TP.Hồ Chí Minh,Xã An Nhơn Tây
L1_Ho Chi Minh_117,11.114,106.609,CityCluster,TP.Hồ Chí Minh,Phường Thới Hòa
L1_Ho Chi Minh_118,11.114,106.699,CityCluster,TP.Hồ Chí Minh,Phường Vĩnh Tân
L1_Ho Chi Minh_119,11.114,106.7891,CityCluster,TP.Hồ Chí Minh,Xã Bắc Tân Uyên
L1_Dong Nai_120,10.9335,107.0319,CityCluster,Đồng Nai,Xã An Viễn
L1_Dong Nai_121,10.9335,107.122,CityCluster,Đồng Nai,Xã Dầu Giây
L1_Dong Nai_122,10.9335,107.212,CityCluster,Đồng Nai,Phường Bình Lộc
L1_Dong Nai_123,10.9335,107.3021,CityCluster,Đồng Nai,Phường Long Khánh
L1_Dong Nai_124,11.0236,107.0319,CityCluster,Đồng Nai,Xã Trảng Bom
L1_Dong Nai_125,11.0236,107.122,CityCluster,Đồng Nai,Xã Gia Kiệm
L1_Dong Nai_126,11.0236,107.212,CityCluster,Đồng Nai,Xã Gia Kiệm
L1_Dong Nai_127,11.0236,107.3021,CityCluster,Đồng Nai,Xã Xuân Bắc
L1_Dong Nai_128,11.1136,107.0319,CityCluster,Đồng Nai,Xã Trị An
L1_Dong Nai_129,11.1136,107.122,CityCluster,Đồng Nai,Xã Thống Nhất
L1_Dong Nai_130,11.1136,107.212,CityCluster,Đồng Nai,Xã La Ngà
L1_Dong Nai_131,11.1136,107.3021,CityCluster,Đồng Nai,Xã Định Quán
L1_Ho Chi Minh_132,10.4516,107.1524,CityCluster,TP.Hồ Chí Minh,Phường Phước Thắng
L1_Ho Chi Minh_133,10.4516,107.2425,CityCluster,TP.Hồ Chí Minh,Xã Long Điền
L1_Ho Chi Minh_134,10.4516,107.3326,CityCluster,TP.Hồ Chí Minh,Xã Phước Hải
L1_Ho Chi Minh_135,10.5417,107.1524,CityCluster,TP.Hồ Chí Minh,Xã Châu Pha
L1_Ho Chi Minh_136,10.5417,107.2425,CityCluster,TP.Hồ Chí Minh,Xã Nghĩa Thành
L1_Ho Chi Minh_137,10.5417,107.3326,CityCluster,TP.Hồ Chí Minh,Xã Đất Đỏ
L1_Ho Chi Minh_138,10.6318,107.1524,CityCluster,TP.Hồ Chí Minh,Phường Tân Thành
L2_Sa_Pa_(Mountain),22.3364,103.8438,SpecialRegion,Lào Cai,Phường Sa Pa
L2_Ha_Giang_(Mountain),22.8024,104.9844,SpecialRegion,Tuyên Quang,Xã Phú Linh
L2_Dalat_(Mountain),11.9404,108.4583,SpecialRegion,Lâm Đồng,Phường Xuân Hương - Đà Lạt
L2_Mui_Ne_(Coastal),10.9443,108.2872,SpecialRegion,Lâm Đồng,Phường Mũi Né
L2_Nha_Trang_(Coastal),12.2388,109.1967,SpecialRegion,Khánh Hòa,TP Nha Trang
L2_Phu_Quoc_(Coastal),10.2289,103.9572,SpecialRegion,An Giang,Đặc khu Phú Quốc
L2_Ha_Long_(Coastal),20.95,107.0733,SpecialRegion,Quảng Ninh,TP Hạ Long
L3_General_1,8.6793,104.6135,General,Cà Mau,Xã Đất Mũi
L3_General_2,8.6793,104.8928,General,Cà Mau,Xã Đất Mũi
L3_General_3,8.6793,105.1721,General,Cà Mau,Xã Tân Ân
L3_General_8,8.9586,104.8928,General,Cà Mau,Xã Phú Mỹ
L3_General_9,8.9586,105.1721,General,Cà Mau,Xã Đầm Dơi
L3_General_10,8.9586,105.4514,General,Cà Mau,Xã Tân Tiến
L3_General_15,9.2378,104.8928,General,Cà Mau,Xã Đá Bạc
L3_General_16,9.2378,105.1721,General,Cà Mau,Phường An Xuyên
L3_General_17,9.2378,105.4514,General,Cà Mau,Phường Giá Rai
L3_General_18,9.2378,105.7306,General,Cà Mau,Phường Hiệp Thành
L3_General_19,9.2378,106.0099,General,TP.Cần Thơ, Phường Vĩnh Châu
L3_General_23,9.5171,104.8928,General,An Giang,Xã Vân Khánh
L3_General_24,9.5171,105.1721,General,An Giang,Xã Vĩnh Thuận
L3_General_25,9.5171,105.4514,General,Cà Mau,Xã Hồng Dân
L3_General_26,9.5171,105.7306,General,TP.Cần Thơ,Xã Tân Long
L3_General_27,9.5171,106.0099,General,TP.Cần Thơ,Xã Thạnh Thới An
L3_General_28,9.5171,106.2892,General,TP.Cần Thơ, xã An Thạnh
L3_General_29,9.5171,106.5685,General,Vĩnh Long,Phường Duyên Hải
L3_General_31,9.7964,104.6135,General,An Giang,Đặc khu Kiên Hải
L3_General_32,9.7964,104.8928,General,An Giang,Xã Tân Thạnh
L3_General_33,9.7964,105.1721,General,An Giang,Xã Định Hòa
L3_General_34,9.7964,105.4514,General,TP.Cần Thơ,Phường Vị Tân
L3_General_35,9.7964,106.0099,General,TP.Cần Thơ,Xã Nhơn Mỹ
L3_General_36,9.7964,106.2892,General,Vĩnh Long,Xã Hùng Hòa
L3_General_37,9.7964,106.5685,General,Vĩnh Long,Phường Trường Long Hòa
L3_General_41,10.0757,104.6135,General,An Giang,Xã Kiên Lương
L3_General_42,10.0757,104.8928,General,An Giang,Xã Hòn Đất
L3_General_43,10.0757,105.1721,General,An Giang,Xã Thạnh Lộc
L3_General_44,10.0757,106.2892,General,Vĩnh Long,Xã Thành Thới
L3_General_45,10.0757,106.5685,General,Vĩnh Long,Xã Ba Tri
L3_General_46,10.0757,106.8477,General,Vĩnh Long,Xã Thới Thuận
L3_General_50,10.355,104.6135,General,An Giang,Xã Hòa Điền
L3_General_51,10.355,104.8928,General,An Giang,Xã Vĩnh Gia
L3_General_52,10.355,105.1721,General,An Giang,Xã Tây Phú
L3_General_53,10.355,105.4514,General,An Giang,Phường Mỹ Thới
L3_General_54,10.355,105.7306,General,Đồng Tháp,Sa Đéc
L3_General_55,10.355,106.0099,General,Đồng Tháp,Xã Cái Bè
L3_General_56,10.355,106.2892,General,Đồng Tháp,Xã Kim Sơn
L3_General_57,10.355,106.5685,General,Đồng Tháp,Vĩnh Bình
L3_General_66,10.6342,105.1721,General,An Giang,Xã Vĩnh Thạnh Trung
L3_General_67,10.6342,105.4514,General,Đồng Tháp,Xã Tân Thạnh
L3_General_68,10.6342,105.7306,General,Đồng Tháp,Xã Trường Xuân
L3_General_69,10.6342,106.0099,General,Tây Ninh,Xã Nhơn Hòa Lập
L3_General_70,10.6342,107.6856,General,Lâm Đồng,Xã Sơn Mỹ
L3_General_71,10.755082,107.955601,General,Lâm Đồng,Xã Tân Thành
L3_General_78,10.9135,105.4514,General,Đồng Tháp,Xã Tân Hộ Cơ
L3_General_79,10.9135,105.7306,General,Tây Ninh,Xã Vĩnh Hưng
L3_General_81,10.9135,107.6856,General,Lâm Đồng,Xã Tân Minh
L3_General_82,10.9135,107.9649,General,Lâm Đồng,Xã Hàm Kiệm
L3_General_83,10.9135,108.5234,General,Lâm Đồng,Xã Hòa Thắng
L3_General_90,11.1928,106.0099,General,Tây Ninh,Xã Ninh Điền
L3_General_91,11.1928,106.2892,General,Tây Ninh,Xã Truông Mít
L3_General_92,11.1928,107.6856,General,Lâm Đồng,Xã Bắc Ruộng
L3_General_93,11.1928,107.9649,General,Lâm Đồng,Xã Đông Giang
L3_General_94,11.1928,108.2441,General,Lâm Đồng,Xã Sông Lũy
L3_General_95,11.1928,108.5234,General,Lâm Đồng,Xã Bắc Bình
L3_General_96,11.210735,108.707031,General,Lâm Đồng,Xã Liên Hương
L3_General_101,11.4721,106.0099,General,Tây Ninh,Xã Thạnh Bình
L3_General_102,11.4721,106.2892,General,Tây Ninh,Xã Tân Thành
L3_General_103,11.4721,106.5685,General,Đồng Nai,Phường Minh Hưng
L3_General_104,11.4721,106.8477,General,Đồng Nai,Xã Đồng Phú
L3_General_105,11.4721,107.127,General,Đồng Nai,Xã Phú Lý
L3_General_106,11.4721,107.4063,General,Đồng Nai,Xã Đak Lua
L3_General_107,11.4721,107.6856,General,Lâm Đồng,Xã Đạ Huoai 2
L3_General_108,11.4721,107.9649,General,Lâm Đồng,Xã Hòa Bắc
L3_General_109,11.4721,108.2441,General,Lâm Đồng,Xã Gia Hiệp
L3_General_110,11.4721,108.5234,General,Lâm Đồng,Xã Phan Sơn
L3_General_111,11.4721,108.8027,General,Khánh Hòa,Xã Phước Hà
L3_General_112,11.4721,109.082,General,Khánh Hòa,Xã Phước Dinh
L3_General_118,11.7514,106.5685,General,Đồng Nai,Xã Lộc Thành
L3_General_119,11.7514,106.8477,General,Đồng Nai,Xã Phú Riềng
L3_General_120,11.7514,107.127,General,Đồng Nai,Xã Nghĩa Trung
L3_General_121,11.7514,107.4063,General,Lâm Đồng,Xã Cát Tiên 3
L3_General_122,11.7514,107.6856,General,Lâm Đồng,Xã Bảo Lâm 5
L3_General_123,11.7514,107.9649,General,Lâm Đồng,Xã Đinh Trang Thượng
L3_General_124,11.7514,108.2441,General,Lâm Đồng,Xã Đinh Văn Lâm Hà
L3_General_125,11.7514,108.8027,General,Khánh Hòa,Xã Ninh Sơn
L3_General_126,11.7514,109.082,General,Khánh Hòa,Xã Thuận Bắc
L3_General_132,12.0306,106.8477,General,Đồng Nai,Xã Hưng Phước
L3_General_133,12.0306,107.127,General,Đồng Nai,Xã Bù Gia Mập
L3_General_134,12.0306,107.4063,General,Lâm Đồng,Xã Quảng Tân
L3_General_135,12.0306,107.6856,General,Lâm Đồng,Phường Nam Gia Nghĩa
L3_General_136,12.0306,107.9649,General,Lâm Đồng,Xã Tà Đùng
L3_General_137,12.0306,108.2441,General,Lâm Đồng,Xã Đam Rông 2
L3_General_138,12.0306,108.8027,General,Khánh Hòa,Xã Bác Ái Tây
L3_General_139,12.0306,109.082,General,Khánh Hòa,Xã Cam Hiệp
L3_General_144,12.3099,107.6856,General,Lâm Đồng,Xã Đắk Song
L3_General_145,12.3099,107.9649,General,Lâm Đồng,Xã Quảng Phú
L3_General_146,12.3099,108.2441,General,Đắk Lắk,Xã Đắk Phơi
L3_General_147,12.3099,108.5234,General,Đắk Lắk,Xã Yang Mao
L3_General_148,12.3099,108.8027,General,Khánh Hòa,Xã Tây Khánh Vĩnh
L3_General_151,12.5892,107.6856,General,Lâm Đồng,Xã Thuận An
L3_General_152,12.5892,107.9649,General,Đắk Lắk,Xã Ea Na
L3_General_153,12.5892,108.2441,General,Đắk Lắk,Xã Ea Ning
L3_General_154,12.5892,108.5234,General,Đắk Lắk,Xã Cư Pui
L3_General_155,12.5892,108.8027,General,Đắk Lắk,Xã Ea Trang
L3_General_156,12.5892,109.082,General,Khánh Hòa,Xã Hòa Trí
L3_General_157,12.5892,109.3613,General,Khánh Hòa,Xã Đại Lãnh
L3_General_160,12.8685,107.6856,General,Đắk Lắk,Xã Buôn Đôn
L3_General_161,12.8685,107.9649,General,Đắk Lắk,Xã Ea M'Droh
L3_General_162,12.8685,108.2441,General,Đắk Lắk,Phường Buôn Hồ
L3_General_163,12.8685,108.5234,General,Đắk Lắk,Xã Ea Knốp
L3_General_164,12.8685,108.8027,General,Đắk Lắk,Xã Ea Riêng
L3_General_165,12.8685,109.082,General,Đắk Lắk,Xã Sơn Thành
L3_General_166,12.8685,109.3613,General,Đắk Lắk,Xã Hòa Xuân
L3_General_167,13.1477,107.6856,General,Đắk Lắk,Xã Ea Bung
L3_General_168,13.1477,107.9649,General,Đắk Lắk,Xã Ea Rốk
L3_General_169,13.1477,108.2441,General,Đắk Lắk,Xã Ea Khăl
L3_General_170,13.1477,108.5234,General,Gia Lai,Xã Uar
L3_General_171,13.1477,108.8027,General,Đắk Lắk,Xã Suối Trai
L3_General_173,13.427,107.6856,General,Gia Lai,Xã Ia Mơ
L3_General_174,13.427,107.9649,General,Gia Lai,Xã Ia Le
L3_General_175,13.427,108.2441,General,Gia Lai,Xã Phú Thiện
L3_General_176,13.427,108.5234,General,Gia Lai,Xã Ia Tul
L3_General_177,13.427,108.8027,General,Gia Lai,Xã Ia Rsai
L3_General_179,13.7063,107.6856,General,Gia Lai,Xã Đức Cơ
L3_General_180,13.7063,107.9649,General,Gia Lai,Xã Ia Tôr
L3_General_181,13.7063,108.2441,General,Gia Lai,Xã Kon Chiêng
L3_General_182,13.7063,108.5234,General,Gia Lai,Xã Kông Chro
L3_General_183,13.7063,108.8027,General,Gia Lai,Xã Đăk Song
L3_General_185,13.9856,107.6856,General,Gia Lai,Xã Ia Krái
L3_General_186,13.9856,107.9649,General,Gia Lai,Xã Ia Hrung
L3_General_187,13.9856,108.2441,General,Gia Lai,Xã Mang Yang
L3_General_188,13.9856,108.5234,General,Gia Lai,Xã Đak Pơ
L3_General_189,13.9856,108.8027,General,Gia Lai,Xã Bình Khê
L3_General_191,14.2649,107.6856,General,Quảng Ngãi,Xã Mô Rai
L3_General_192,14.2649,107.9649,General,Quảng Ngãi,Xã Đăk Rơ Wa
L3_General_193,14.2649,108.2441,General,Gia Lai,Xã Đak Sơmei
L3_General_194,14.2649,108.5234,General,Gia Lai,Xã Sơn Lang
L3_General_196,14.5441,107.6856,General,Quảng Ngãi,Xã Rờ Kơi
L3_General_197,14.5441,107.9649,General,Quảng Ngãi,Xã Đăk Ui
L3_General_198,14.5441,108.2441,General,Quảng Ngãi,Xã Đăk Rve
L3_General_199,14.5441,108.5234,General,Gia Lai,Xã Đak Rong
L3_General_200,14.5441,108.8027,General,Gia Lai,Xã An Vinh
L3_General_201,14.5441,109.082,General,Gia Lai,Phường Hoài Nhơn Bắc
L3_General_203,14.8234,107.6856,General,Quảng Ngãi,Xã Dục Nông
L3_General_204,14.8234,107.9649,General,Quảng Ngãi,Xã Tu Mơ Rông
L3_General_205,14.8234,108.2441,General,Quảng Ngãi,Xã Măng Bút
L3_General_206,14.8234,108.5234,General,Quảng Ngãi,Xã Sơn Kỳ
L3_General_207,14.8234,108.8027,General,Quảng Ngãi,Xã Ba Động
L3_General_208,14.734027,109.01543,General,Quảng Ngãi,Xã Khánh Cường
\L3_General_210,15.1027,107.9649,General,Quảng Ngãi,Xã Ngọc Linh
L3_General_211,15.1027,108.2441,General,TP.Đà Nẵng,Xã Trà Vân
L3_General_212,15.1027,108.5234,General,Quảng Ngãi,Xã Sơn Hạ
L3_General_213,15.1027,108.8027,General,Quảng Ngãi,Phường Nghĩa Lộ
L3_General_216,15.382,107.9649,General,TP.Đà Nẵng,Xã Phước Hiệp
L3_General_217,15.382,108.2441,General,TP.Đà Nẵng,Xã Trà My
L3_General_218,15.382,108.5234,General,TP.Đà Nẵng,Xã Tam Mỹ
L3_General_219,15.382,108.8027,General,Quảng Ngãi,Xã Vạn Tường
L3_General_220,15.38187,109.115711,General,Quảng Ngãi,Đặc khu Lý Sơn
L3_General_222,15.6613,107.6856,General,TP.Đà Nẵng,Xã Bến Giằng
L3_General_223,15.6613,107.9649,General,TP.Đà Nẵng,Xã Quế Phước
L3_General_224,15.6613,108.2441,General,TP.Đà Nẵng,Xã Quế Sơn
L3_General_225,15.691463,108.461628,General,TP.Đà Nẵng,Xã Thăng Trường
L3_General_230,15.9405,107.6856,General,TP.Đà Nẵng,Xã Đông Giang
L3_General_231,15.9405,108.5234,General,TP.Đà Nẵng,Xã Tân Hiệp
L3_General_237,16.2198,107.4063,General,Huế,Xã A Lưới 5
L3_General_238,16.2198,107.6856,General,Huế,Xã Khe Tre
L3_General_243,16.4991,107.127,General,Huế,Phường Phong Điền
L3_General_244,16.4991,107.4063,General,Huế,Phường Phong Thái
L3_General_245,16.4991,107.6856,General,Huế,Xã Phú Hồ
L3_General_246,16.369762,107.87393,General,Huế,Xã Vinh Lộc
L3_General_250,16.7784,106.5685,General,Quảng Trị,Xã Hướng Phùng
L3_General_251,16.7784,106.8477,General,Quảng Trị,Xã Hướng Hiệp
L3_General_252,16.7784,107.127,General,Quảng Trị,Xã Ái Tử
L3_General_253,16.694785,107.416818,General,Huế,Phường Phong Phú
L3_General_260,17.0577,106.5685,General,Quảng Trị,Xã Kim Ngân
L3_General_261,17.0577,106.8477,General,Quảng Trị,Xã Kim Ngân
L3_General_268,17.3369,106.2892,General,Quảng Trị,Xã Trường Sơn
L3_General_269,17.3369,106.5685,General,Quảng Trị,Xã Trường Sơn
L3_General_270,17.272357,106.80849,General,Quảng Trị,Xã Cam Hồng
L3_General_275,17.6162,106.0099,General,Quảng Trị,Xã Kim Phú
L3_General_276,17.6162,106.2892,General,Quảng Trị,Xã Phong Nha
L3_General_277,17.583102,106.551982,General,Quảng Trị,Xã Hoàn Lão
L3_General_278,17.56019,106.478511,General,Quảng Trị,Xã Hoàn Lão
L3_General_282,17.8955,105.7306,General,Quảng Trị,Xã Dân Hóa
L3_General_283,17.8955,106.0099,General,Quảng Trị,Xã Đồng Lê
L3_General_284,17.8955,106.2892,General,Quảng Trị,Xã Phú Trạch
L3_General_291,18.1748,105.7306,General,Hà Tĩnh,Xã Hương Đô
L3_General_292,18.1748,106.0099,General,Hà Tĩnh,Xã Cẩm Xuyên
L3_General_293,18.1748,106.2892,General,Hà Tĩnh,Xã Kỳ Khang
L3_General_297,18.4541,105.1721,General,Hà Tĩnh,Xã Sơn Kim 1
L3_General_298,18.4541,105.4514,General,Hà Tĩnh,Xã Kim Hoa
L3_General_299,18.4541,105.7306,General,Hà Tĩnh,Xã Gia Hanh
L3_General_305,18.7333,105.1721,General,Nghệ An,Xã Sơn Lâm
L3_General_306,18.7333,105.4514,General,Nghệ An,Xã Nam Đàn
L3_General_307,18.7333,105.7306,General,Nghệ An,Phường Vinh Lộc
L3_General_311,19.0126,104.6135,General,Nghệ An,Xã Châu Khê
L3_General_312,19.0126,104.8928,General,Nghệ An,Xã Con Cuông
L3_General_313,19.0126,105.1721,General,Nghệ An,Xã Nghĩa Hành
L3_General_314,19.0126,105.4514,General,Nghệ An,Xã Yên Thành
L3_General_315,19.112315,105.696214,General,Nghệ An,Xã Quỳnh Phú
L3_General_317,19.2919,104.3342,General,Nghệ An,Xã Tương Dương
L3_General_318,19.2919,104.6135,General,Nghệ An,Xã Yên Na
L3_General_319,19.2919,104.8928,General,Nghệ An,Xã Nga My
L3_General_320,19.2919,105.1721,General,Nghệ An,Xã Quỳ Hợp
L3_General_321,19.2919,105.4514,General,Nghệ An,Xã Đông Hiếu
L3_General_322,19.2919,105.7306,General,Nghệ An,Phường Hoàng Mai
L3_General_323,19.36617,105.760847,General,Thanh Hóa,Phường Hải Bình
L3_General_324,19.5712,104.3342,General,Nghệ An,Xã Mỹ Lý
L3_General_325,19.5712,104.6135,General,Nghệ An,Xã Hữu Khuông
L3_General_326,19.5712,104.8928,General,Nghệ An,Xã Quế Phong
L3_General_327,19.5712,105.1721,General,Nghệ An,Xã Quỳ Châu
L3_General_328,19.5712,105.4514,General,Thanh Hóa,Xã Hóa Quỳ
L3_General_329,19.5712,105.7306,General,Thanh Hóa,Xã Tượng Lĩnh
L3_General_333,19.8505,104.8928,General,Nghệ An,Xã Thông Thụ
L3_General_334,19.8505,105.1721,General,Thanh Hóa,Xã Xuân Chinh
L3_General_335,19.8505,105.4514,General,Thanh Hóa,Xã Sao Vàng
L3_General_336,19.8505,105.7306,General,Thanh Hóa,Phường Đông Tiến
L3_General_337,19.939176,106.072036,General,Ninh Bình,Xã Kim Đông
L3_General_341,20.1297,105.1721,General,Thanh Hóa,Xã Linh Sơn
L3_General_342,20.1297,105.4514,General,Thanh Hóa,Xã Thạch Lập
L3_General_343,20.1297,105.7306,General,Thanh Hóa,Xã Vân Du
L3_General_344,20.1297,106.0099,General,Ninh Bình,Xã Yên Mạc
L3_General_345,20.1297,106.2892,General,Ninh Bình,Xã Hải Quang
L3_General_349,20.409,104.8928,General,Thanh Hóa,Xã Thiên Phủ
L3_General_350,20.409,105.1721,General,Thanh Hóa,Xã Pù Luông
L3_General_351,20.409,105.4514,General,Phú Thọ,Xã Đại Đồng
L3_General_352,20.409,105.7306,General,Phú Thọ,Xã An Bình
L3_General_353,20.409,106.5685,General,Hưng Yên,Xã Đồng Châu
L3_General_355,20.409,107.127,General,Quảng Ninh,Thị xã Quảng Yên
L3_General_356,20.409,107.4063,General,Quảng Ninh,Đặc khu Vân Đồn
L3_General_357,20.409,107.6856,General,Quảng Ninh,Đặc khu Cô Tô
L3_General_365,20.6883,104.6135,General,Sơn La,Xã Chiềng Sơn
L3_General_366,20.6883,104.8928,General,Phú Thọ,Xã Pà Cò
L3_General_367,20.6883,105.1721,General,Phú Thọ,Xã Mường Hoa
L3_General_368,20.6883,105.4514,General,Phú Thọ,Xã Mường Động
L3_General_369,20.801752,106.869547,General,TP.Hải Phòng,Đặc khu Cát Hải
L3_General_370,20.6883,107.4063,General,Quảng Ninh,Đặc khu Vân Đồn
L3_General_376,20.9676,103.2171,General,Điện Biên,Xã Mường Nhà
L3_General_377,20.9676,103.4964,General,Sơn La,Xã Púng Bánh
L3_General_378,20.9676,103.7757,General,Sơn La,Xã Chiềng Khoong
L3_General_379,20.9676,104.055,General,Sơn La,Xã Chiềng Khương
L3_General_380,20.9676,104.3342,General,Sơn La,Xã Chiềng Hặc
L3_General_381,20.9676,104.6135,General,Sơn La,Xã Tân Yên
L3_General_382,20.9676,104.8928,General,Sơn La,Xã Song Khủa
L3_General_383,20.9676,105.1721,General,Phú Thọ,Xã Khả Cửu
L3_General_384,20.9676,105.4514,General,TP.Hà Nội,Xã Yên Xuân
L3_General_385,20.9676,107.4063,General,Quảng Ninh,Đặc khu Vân Đồn
L3_General_386,20.9676,107.6856,General,Quảng Ninh,Đặc khu Cô Tô
L3_General_390,21.2468,102.9378,General,Điện Biên,Xã Sam Mứn
L3_General_391,21.2468,103.2171,General,Điện Biên,Xã Na Son
L3_General_392,21.2468,103.4964,General,Sơn La,Xã Bó Sinh
L3_General_393,21.2468,103.7757,General,Sơn La,Xã Muổi Nọi
L3_General_394,21.2468,104.055,General,Sơn La,Xã Chiềng Mung
L3_General_395,21.2468,104.3342,General,Sơn La,Xã Pắc Ngà
L3_General_396,21.2468,104.6135,General,Sơn La,Xã Phù Yên
L3_General_397,21.2468,104.8928,General,Phú Thọ,Xã Lai Đồng
L3_General_398,21.2468,105.1721,General,Phú Thọ,Xã Thanh Sơn
L3_General_399,21.2468,106.8477,General,Bắc Ninh,Xã Tuấn Đạo
L3_General_400,21.2468,107.127,General,Quảng Ninh,Xã Kỳ Thượng
L3_General_401,21.2468,107.4063,General,Quảng Ninh,X
L3_General_402,21.2468,107.6856,General,Quảng Ninh,Đặc khu Vân Đồn
L3_General_403,21.2468,107.9649,General,Quảng Ninh,Đặc khu Cô Tô
L3_General_407,21.5261,103.2171,General,Điện Biên,Xã Mường Ảng
L3_General_408,21.5261,103.4964,General,Sơn La,Xã Mường É
L3_General_409,21.5261,103.7757,General,Sơn La,Xã Chiềng La
L3_General_410,21.5261,104.055,General,Sơn La,Xã Mường La
L3_General_411,21.5261,104.3342,General,Lào Cai,Xã Hạnh Phúc
L3_General_412,21.5261,104.6135,General,Lào Cai,Xã Văn Chấn
L3_General_413,21.5261,104.8928,General,Phú Thọ,Xã Sơn Lương
L3_General_414,21.5261,105.1721,General,Phú Thọ,Xã Quảng Yên
L3_General_415,21.5261,106.5685,General,Bắc Ninh,Xã Sơn Hải
L3_General_416,21.5261,106.8477,General,Bắc Ninh,Xã Tuấn Đạo
L3_General_417,21.5261,107.127,General,Lạng Sơn,Xã Châu Sơn
L3_General_418,21.5261,107.4063,General,Quảng Ninh,Xã Bình Liêu
L3_General_419,21.5261,107.6856,General,Quảng Ninh,Xã Quảng Đức
L3_General_421,21.8054,102.6586,General,Điện Biên,Xã Nà Hỳ
L3_General_422,21.8054,102.9378,General,Điện Biên,Xã Si Pa Phìn
L3_General_423,21.8054,103.2171,General,Điện Biên,Xã Nậm Nèn
L3_General_424,21.8054,103.4964,General,Điện Biên,Xã Sáng Nhè
L3_General_425,21.8054,103.7757,General,Lai Châu,Xã Khoen On
L3_General_426,21.8054,104.055,General,Lào Cai,Xã Lao Chải
L3_General_427,21.8054,104.3342,General,Lào Cai,Xã Nậm Có
L3_General_428,21.8054,104.6135,General,Lào Cai,Xã Mỏ Vàng
L3_General_429,21.8054,104.8928,General,Lào Cai,Xã Yên Bình
L3_General_430,21.8054,105.1721,General,Tuyên Quang,Phường Minh Xuân
L3_General_431,21.8054,105.4514,General,Tuyên Quang,Xã Tân Trào
L3_General_432,21.8054,106.2892,General,Lạng Sơn,Xã Vũ Lăng
L3_General_433,21.8054,106.5685,General,Lạng Sơn,Xã Yên Phúc
L3_General_434,21.8054,106.8477,General,Lạng Sơn,Xã Lộc Bình
L3_General_437,22.0847,102.6586,General,Điện Biên,Xã Nậm Kè
L3_General_438,22.0847,102.9378,General,Lai Châu,Xã Nậm Hàng
L3_General_439,22.0847,103.2171,General,Lai Châu,Xã Lê Lợi
L3_General_440,22.0847,103.4964,General,Lai Châu,Xã Nậm Cuổi
L3_General_441,22.0847,103.7757,General,Lai Châu,Xã Pắc Ta
L3_General_442,22.0847,104.055,General,Lào Cai,Xã Nậm Chày
L3_General_443,22.0847,104.3342,General,Lào Cai,Xã Chiềng Ken
L3_General_444,22.0847,104.6135,General,Lào Cai,Xã Khánh Hòa
L3_General_445,22.0847,104.8928,General,Tuyên Quang,Xã Yên Phú
L3_General_446,22.0847,105.1721,General,Tuyên Quang,Xã Yên Nguyên
L3_General_447,22.0847,105.4514,General,Tuyên Quang,Xã Kiên Đài
L3_General_448,22.0847,105.7306,General,Thái Nguyên,Xã Thanh Mai
L3_General_449,22.0847,106.0099,General,Thái Nguyên,Xã Côn Minh
L3_General_450,22.0847,106.2892,General,Lạng Sơn,Xã Thiện Hòa
L3_General_451,22.0847,106.5685,General,Lạng Sơn,Xã Văn Lãng
L3_General_455,22.364,102.6586,General,Lai Châu,Xã Tà Tổng
L3_General_456,22.364,102.9378,General,Lai Châu,Xã Hua Bum
L3_General_457,22.364,103.2171,General,Lai Châu,Xã Sìn Hồ
L3_General_458,22.364,103.4964,General,Lai Châu,Phường Tân Phong
L3_General_459,22.364,104.3342,General,Lào Cai,Xã Cốc Lầu
L3_General_460,22.364,104.6135,General,Tuyên Quang,Xã Bằng Lang
L3_General_461,22.364,104.8928,General,Tuyên Quang,Xã Bắc Quang
L3_General_462,22.364,105.1721,General,Tuyên Quang,Xã Bình An
L3_General_463,22.364,105.4514,General,Tuyên Quang,Xã Hồng Thái
L3_General_464,22.364,105.7306,General,Thái Nguyên,Xã Đồng Phúc
L3_General_465,22.364,106.0099,General,Thái Nguyên,Xã Thượng Quan
L3_General_466,22.364,106.2892,General,Lạng Sơn,Xã Đoàn Kết
L3_General_471,22.6432,103.2171,General,Lai Châu,Xã Phong Thổ
L3_General_473,22.6432,103.7757,General,Lào Cai,Xã Trịnh Tường
L3_General_474,22.6432,104.055,General,Lào Cai,Xã Bản Lầu
L3_General_475,22.6432,104.3342,General,Lào Cai,Xã Lùng Phình
L3_General_476,22.6432,104.6135,General,Tuyên Quang,Xã Hồ Thầu
L3_General_477,22.6432,105.1721,General,Tuyên Quang,Xã Lâm Bình
L3_General_478,22.6432,105.4514,General,Tuyên Quang,Xã Đường Hồng
L3_General_479,22.6432,105.7306,General,Thái Nguyên,Xã Bằng Thành
L3_General_480,22.6432,106.0099,General,Cao Bằng,Xã Nguyên Bình
L3_General_481,22.6432,106.2892,General,Cao Bằng,Phường Tân Giang
L3_General_482,22.6432,106.5685,General,Cao Bằng,Xã Bế Văn Đàn
L3_General_489,22.9225,105.4514,General,Cao Bằng,Xã Nam Quang
L3_General_490,22.9225,105.7306,General,Cao Bằng,Xã Khánh Xuân
L3_General_500,23.2018,105.1721,General,Tuyên Quang,Xã Phố Bảng
L3_General_501,23.2018,105.4514,General,Tuyên Quang,Xã Mèo Vạc
